,drug
0,sodium chloride 23.4%
1,glucosamine
2,darbepoetin alfa in polysorbat
3,terlipressin study drug (*ind*)
4,d20w
5,timolol
6,oxymeta
7,sulfazine ec
8,carrington dermal wound
9,insuli
10,abreva
11,sodium bicarb
12,bupro
13,prilosec
14,hydromorphone pca
15,heparin flush port 
16,bacitracin & polymyxin b ophth
17,butalbital-acetaminophen-caff
18,nalbuphine hcl
19,brimonidine
20,calcium 500+d
21,ocean
22,zenpep
23,somatropin
24,citracal + d
25,mercaptopurine
26,dextran 40 10% in d5w
27,neo*po*caffeine citrate
28,acd-a 3% flush
29,gala
30,pramipexole
31,meningococcal conj vaccine (menactra)
32,bevacizumab (avastin)
33,excedrin migraine
34,ampicil
35,mobic
36,theophylline (slo-bid) capsule
37,menest (esterified estrogens)
38,atomoxitene
39,*nf* sorafenib
40,aztreonam  desensitization 
41,fty720 2.5mg or placebo caps
42,sulfame
43,peridex
44,imatinib oral suspension
45,alteplase 1mg/1ml ( clearance ie. temp tlcl )
46,everolimus
47,nifedipine (bulk)
48,medium chain triglycerides
49,aminocaproic acid oral rinse
50,darbepoetin alpha (aranesp)
51,androgel
52,vancomycin for inhalation
53,floxin
54,clobetasol
55,hydroxyurea suspension
56,docosanol
57,concerta
58,lidocaine 1.5%/epinephrine p.f.
59,pred forte
60,prelone
61,lysine 500mg tablets
62,tisseel/ fs vh sd
63,heparin flus
64,nitrofurantoin macrocrystal
65,roflumilast
66,cladribine
67,primidone
68,ciprofloxacin 0.3% ophth soln
69,acamprosate
70,amitiza
71,robitussin chest congestion
72,pramoxine-mineral oil-zinc
73,niaci
74,as
75,cyclo
76,acyclovir 400 mg or placebo
77,esterified estrogen (menest)
78,fluphenazine
79,*nf* bimatoprost (lumigan)
80,haemophilus b conj. vaccine
81,surgifoam
82,desferal
83,econopred plus
84,levbid
85,humibid
86,insulin novolog
87,acetaminophen-caff-butalbital
88,loperamide
89,provera
90,gastrocrom
91,tacrolimus suspension
92,chlorpromazine hcl
93,d12w
94,etodolac
95,prochlorperazine (rectal)
96,niaspan extended-release
97,synarel
98,zantac 75
99,capt
100,paroxetine mesylate
101,pneumococcal 7-valent
102,miglitol
103,ceftaroline
104,dexamethasone sod phos ophth
105,vinorelbine (navelbine)
106,fty720 2.5mg or placebo
107,mupirocin ointment 2%
108,ketamine hcl
109,duragesic
110,sulindac
111,colestipol hcl
112,acetic acid glacial 0.04%
113,neo*im*penicillin g benzathine
114,copaxone
115,neo*po*chloral hydrate
116,*nf* glycopyrrolate
117,iquix
118,phenylephrine 2.5 %
119,tenofovir disoproxil fumarate
120,neo*po*opium tincture (dilute)
121,meclizine
122,clarinex
123,*nf* tacrolimus suspension
124,loteprednol etabonate
125,caspofungin desensitization
126,trilipix
127,morphine sr (ms contin)
128,acebutolol hcl
129,acetazolamide s.r.
130,venlafax
131,d5w w 0.2% albumin
132,tyvaso
133,glucovance (2.5mg-500mg)
134,starter pn d5
135,diphenhydramine liquid
136,*nf* caspofungin acetate
137,atenolol-chlorthalidone
138,neo*gentian violet sol.
139,methylprednisolone 
140,insulin reg human (novolin r)
141,brilinta
142,hepatitis b immune globulin (bayhep b)
143,ammonium lactate
144,*nf* potassium chloride
145,maraviroc
146,florinef
147,fomepizole
148,sulfameth/trimetho
149,*nf* collagenase oint
150,sodium bicarbo
151,estroven maximum strength
152,wellb
153,isosorb
154,morphine infusion ? comfort care guidelines
155,charcoal aqueous (activated)
156,cefepime desensitization
157,heparin flush port (10 units/ml)
158,xenical
159,excedrin aspirin free
160,levobunolol 0.5%
161,neo*po*phenobarbital
162,jolessa
163,xyzal
164,mumps skin test
165,chloroprocaine 2% mpf
166,carn
167,clobetasol propionate 0.05% cream
168,methad
169,album
170,fentora
171,nystatin oral 
172,bisoprolol
173,kaolin-pectin
174,gleevec (imatinib mesylate)
175,metamucil smooth texture
176,telbivudine
177,ceftriaxone desensitization
178,zyflo
179,sodium citrate dihydrate
180,fleet enema
181,remifentanil hcl
182,hydromorphone pca (dilaudid)
183,didanos
184,talc (sterile)
185,mucine
186,albumin 5% (12.5g / 250ml)
187,irinotecan hcl
188,uro-mag
189,carmol 40
190,varenicline
191,nystatin ointment
192,beclomethasone dipropionate
193,clonidine t
194,*nf* valacyclovir
195,carbidopa-levodopa cr (50-200)
196,*nf* diazoxide suspension
197,ampicillin sodium/sulbactam
198,glimepiride (amaryl)
199,alum potassium
200,cromolyn sodium
201,ambisome
202,betimol (timolol hemihydrate)
203,nystatin-triamcinolone cream
204,nystatin 
205,anamorelin hcl vs placebo
206,renacidin
207,neoral *study medication*
208,betaxolol
209,cangrelor study drug (*ind*)
210,lapatinib
211,osmoglyn
212,betamethasone valerate 0.1% cream
213,iron
214,dakins 1/8 strength
215,*nf* rasburicase
216,avalide
217,albuterol(volmax)
218,neomycin-polymyxin-dexameth ophth. oint
219,budesonide (bulk)
220,levoleucovorin
221,d12.5w
222,zosyn desensitization
223,hydrocortisone cream 1%
224,tamiflu
225,afrin sinus
226,ketotifen fumarate (bulk)
227,belladonna & opium
228,*nf* ivermectin
229,~<ind> rituximab
230,bisoprolol fumarate
231,nf*gentamicin sop
232,aminocaproic acid 25% oral rinse
233,glycerin
234,lidocaine 4%
235,*nf* imiglucerase
236,sod
237,dronabinol
238,latanoprost
239,mitoxantrone
240,leva
241,zaditor
242,cipro hc otic suspension
243,neo*sc*phytonadione
244,morphine sulfate (2-5mg)
245,sildenafil (revatio)
246,melatonin-theanine
247,sevelamer 
248,asa81
249,azopt
250,dextroamphetamine
251,pancuronium bromide
252,bupropion 
253,dex
254,amphotericin b (bulk)
255,vincristine (oncovin)
256,neo*po*chlorothiazide
257,coal tar 3% shampoo
258,stalevo 150
259,vigamox 0.5%
260,sodium citrate-citric acid
261,bisaco
262,zelboraf
263,trimethoprim
264,chloroprocaine 3% mpf
265,insulin lispro 75/25
266,procarbazine hcl
267,nifed
268,varicella virus vaccine
269,*nf* dolasetron mesylate
270,*nf* loteprednol 0.5% ophth
271,estazolam
272,imdu
273,phosp
274,muco-fen dm
275,arava
276,corticotropin gel
277,memantine hcl
278,carboprost tromethamine
279,lidocaine ointment 5%
280,levalbuterol
281,sodium thiosulfate
282,levobunolol
283,candida skin test
284,tegretol
285,fat emulsion 10%
286,aspirin 81mg or placbo
287,triamcinolone acetonide 0.025% cream
288,*nf* quinine sulfate
289,interferon alfa-2b
290,clonidine patch
291,didanosine ec
292,tetanus-diphtox-acellular pertuss (adacel)
293,morphine sulfate (oral soln.)
294,aluminum hydroxide
295,exelon transdermal patch
296,famciclovir
297,neo*po*morphine
298,sunitinib
299,nitrofurantoin (macrodantin)
300,neomycin-polymyxin-gramicidin
301,naphazoline 0.1% ophth
302,hki-272
303,entecavir oral solution
304,tropicamide 0.5%
305,timolol maleate 0.25%
306,mul
307,divalproex
308,rivaroxaban
309,glycerin (laxative)
310,fosamax
311,triamcinolone 0.1% cream
312,methylphenidate (ritalin)
313,emt
314,cyanoc
315,fluorescein
316,bacitracin  
317,iodine strong (lugols)
318,*nf* tobramycin soln
319,leflunomide
320,dorzolamide-timolol
321,*nf* moxifloxacin
322,quetiapine oral suspension
323,phenytoin sodium **brand name only**
324,estrogen/medroxyprogestrone
325,calcipotriene
326,gleevec
327,urispas (flavoate hcl)
328,colesevelam (welchol)
329,methylene blue
330,valproic acid (as sodium salt)
331,ritonavir (oral solution)
332,creatine 
333,sodium citrate 4%
334,vitamin b complex
335,zinc oxide
336,loestrin 1.5/30 (21)
337,lidocaine topical
338,docusate 
339,darbopoetin (aranesp)
340,peginterferon alfa-2a
341,neoral
342,morphin
343,talc
344,camphor-menthol
345,neomycin-polymyxin-bacitracin
346,voltaren-xr
347,carbamazepine xr
348,varicella-zoster imm globulin
349,hyoscyamine so4 (time release)
350,valproate sodium
351,megace
352,albuterol sulfate
353,nelfinavir mesylate
354,insulin human regular (dilute)
355,influenza a (h1n1) vaccine
356,temozolomide
357,fluorouracil
358,defibrotide (*ind*)
359,losartan
360,oxandrolone (oxandrin)
361,flaxseed oil
362,oxybutynin chloride er
363,avodart (dutasteride)
364,mesalami
365,fibercon
366,humulin 70/30
367,butalbital-aspirin-caffeine
368,nexium
369,riboflavin (vitamin b-2)
370,heparin dwell (1000 units/ml)
371,aspirin childrens
372,tobramycin 0.3% ophth ointment
373,charcoal
374,sulfameth/trimethopr
375,trifluoperazine hcl
376,cyclophosphamide
377,flurbiprofen 0.03%
378,mephobarbital
379,benadryl allergy
380,acetazolamide
381,albumin 5% (12.5gm)
382,lamotrig
383,humira
384,lidocaine 1%/epinephrine
385,racemic epinephrine
386,thymoglobulin (ind)
387,*nf* novolog
388,divalproex (extended release)
389,pletal
390,neo*po*zidovudine syrup
391,neoral study med (*ind*)
392,oxymorphone hcl
393,arimidex
394,sulfamylon
395,humatrope
396,cabergoline
397,albumin 25% (12.5gm)
398,apriso
399,glucovance (1.25mg-250mg)
400,valganciclovir hcl suspension
401,proglycem
402,desonide 0.05% cream
403,vancomycin fortified opthalmic
404,sodium fluoride (dental gel)
405,hep
406,anidulafungin
407,estrogen patch
408,vancomycin 25mg/ml ophth soln
409,azilect
410,miconazole nitrate vag cream 2%
411,doxycycline hyclate
412,cephalexin desensitization
413,intralipid/liposyn iii (plastic)
414,malarone
415,*nf* mycophenolate sodium
416,*nf* warfarin
417,rosuvastatin (crestor)
418,alphagan p
419,imatinib mesylate
420,meningococcal poly vaccine (menomune)
421,glatiramer acetate
422,dobutamine hcl
423,misoprostol
424,neo*po*spironolactone
425,trivora (28)
426,meges
427,phenylephrine  0.5% nasal spray
428,preparation h
429,molindone
430,bismu
431,naltrexone
432,neo*im*pneumococcal 7-valent
433,salagen
434,famo
435,lithium oral solution
436,iloprost
437,lansop
438,neo*po*digoxin elixer
439,atorvastatin study med
440,sildenafil citrate
441,flovent 110mcg
442,critic-aid clear
443,tobramycin in 0.225 % nacl
444,humalog mix 75-25 kwikpen
445,k-lor
446,ondanset
447,belladonna alk-phenobarbital
448,*nf* tacrolimus 0.1% ointment
449,neo*po*prednisolone syrup
450,mestinon sr
451,scopolamine patch
452,nepafenac
453,naphazoline-antazoline
454,glyburi
455,calcitonin salmon
456,ribavirin aerosol
457,ns        (glass bottle)
458,levemir flexpen
459,rozerem (ramelteon)
460,lamictal (brand name)
461,rosuvastatin
462,ace
463,neo*im*hepatitis b vaccine
464,aromasin (exemestane)
465,aspiri
466,dexamethasone oral solution
467,cefazolin desensitization
468,octreotide lar 10mg depot
469,neo*po*dexamethasone
470,neo*iv*morphine sulfate
471,proair hfa
472,budesonide (nasal)
473,mitotane
474,finasteride
475,saliva substitution combo no.2
476,uroqid-acid no.2
477,*nf* dasatinib
478,cyanocobalamin (vitamin b-12)
479,pilocarpine 1%
480,belladonna alkaloids-opium
481,prednis
482,insulin 
483,corti
484,guaifenisin
485,codeine sulfate
486,cymbalta
487,ond
488,valganciclovir suspension
489,zelnorm
490,folic
491,docusate so
492,charco
493,cvvh
494,*nf* nifedipine xl
495,valgan
496,quinupristin/dalfopristin
497,cyclosporine modified
498,vitamin k*neo
499,aceta
500,cytarabine liposome
501,cardizem cd
502,amino acids 3.5%
503,gentian violet
504,fluconazole suspension
505,morph
506,ranolazine
507,bupivacaine 0.75%
508,artificial 
509,entacapone
510,flecainide
511,kytril
512,travatan z
513,lithium
514,cortroysn
515,lansoprazole 
516,sulfadiazine
517,clotrimazole 1% vaginal cream
518,claritin-d 12 hour  5-120
519,xal
520,vivelle-dot
521,neo*iv*hyaluronidase (ovine)
522,citrate dextrose 3% (acd-a) crrt
523,lacri-lube oint
524,valganciclo
525,acyclovir suspension
526,cvvh citrated
527,reminyl
528,theophylline (oral solution)
529,lidocaine 2%/epinephrine p.f.
530,starter pn d10
531,fish oil
532,isosorbide 
533,pilocarpine 2%
534,l-carnitine
535,etravirine 100mg tablet
536,desmoteplase study drug (*ind*)
537,pergolide mesylate
538,benefiber
539,dutasteride (avodart)
540,fosaprepitant
541,aminocaproic acid 
542,*nf* sodium chloride 5% (hypertonic)
543,lidocaine 5% ointment
544,desipramine hcl
545,*nf* epirubicin
546,divalproex 
547,miconazole nitrate (combo pack)
548,dextromethorphan polistirex
549,megestr
550,domeboro
551,zz
552,zoledronic acid
553,oxycodone (sustained release)
554,actiq
555,cimetidine hcl
556,hydrochloric acid
557,betamethasone dipro 0.05% cream
558,lipram-pn20
559,sodium bicarbonate 4% (2.4meq)
560,emtri
561,iloperidone
562,insulin human 70/30
563,donepezil 5 mg or placebo
564,lorazepam 2mg syringe 
565,tretinoin (chemotherapy)
566,levalbuterol hcl
567,cranberry extract-vit c 4200/40 mg
568,raloxifene hcl
569,*nf* guaifenesin la
570,fluocinolone
571,povidone iodine 10% ointment
572,fosamprenavir
573,acetamin
574,heparin flu
575,bextra
576,gatifloxacin
577,tigecycline
578,metformin xr
579,tetracycline hcl
580,methylene blue 1%
581,dextros
582,prochlorperazine edisylate
583,menomune - a/c/y/w-135
584,sucralfate enema
585,etravirine
586,hemorrhoidal suppository
587,aminocaproic acid 25 % oral rinse
588,chlorzoxazone
589,epinephrine 1:1000
590,ephedrine
591,olopatadine hcl
592,cilos
593,urea
594,sanctura xr
595,lidocain
596,neut
597,yaz 28
598,*nf* ciprofloxacin 0.3% ophth oint
599,venlafaxine
600,imitrex
601,zyprex
602,morphine sulfate (2-6mg)
603,bupivacaine 0.1%
604,lactobacillus rhamnosus (gg)
605,corn starch (bulk)
606,*nf* risedronate sodium
607,ergocalciferol (vitamin d2)
608,miconazole nitrate (dual-pak)
609,calcitrate
610,calcium gluconate replacement (critical care and oncology)
611,lami
612,ethanol (ethyl alcohol)
613,synarel nasal spray
614,syringe (intrathecal)
615,acetylcysteine 
616,humalog 75/25 pen
617,ns (irrigation bottle)
618,amerge
619,amaryl
620,pentobarbital sodium
621,tiagabine hcl
622,*nf* cefixime suspension
623, symbicort
624,amphotericin b oral solution
625,voltaren
626,linezolid suspension
627,cinacalcet
628,nph insulin human recomb
629,mepe
630,hydromorphone-hp
631,megestrol acetate
632,valacyclovir hcl
633,clindamycin phosphate
634,sevelamer hcl
635,agrylin (anagrelide) 0.5mg cap
636,permethrin
637,glucosamine chondroitin smconc
638,vancomycin desensitization
639,omnipred
640,plan b(levonorgestrel)
641,clopidogrel 150 mg or placebo
642,neo*nasal*phenylephrine 0.125%
643,levoxyl
644,albuterol sulfate-ipratropium
645,neo*iv*hydralazine
646,*nf* cefotetan
647,prazosin
648,buprop
649,hepatitis a vaccine
650,dostinex
651,heparin 
652,mebaral
653,triamterene-hydrochlorothiazid
654,lacosamide
655,isradipine
656,nitrofurantoin suspension
657,propranolol
658,interferon beta-1b
659,cholecalciferol (vitamin d3)
660,hydrocortisone cream 0.5%
661,hydrocortisone na succ
662,*nf* timolol  hemihydrate (betimol)
663,carisoprodol (soma)
664,multi
665,*nf* capecitabine
666,nephro-vite
667,rasagiline (azilect)
668,insulin lispro desensitization protocol
669,memantine
670,adenosine (diagnostic)
671,neo*iv*hydrocortisone sod succinate
672,alteplase 1mg/flush volume ( dialysis/pheresis catheters )
673,diltiazem 
674,isosorbide monon
675,neo*po*ergocalciferol
676,albuterol 
677,zydis
678,bactrim
679,xibrom
680,mycophenolate mofetil 250mg or placebo capsules
681,colesevelam
682,epinephrin
683,peppermint spirit
684,dimen
685,tiazac
686,"preservision( vit a,c,e-zinc-copper)"
687,prograf suspension
688,pantoprazole (self med)
689,prevident mint gel 1.1%
690,charc
691,exenatide
692,sodium bica
693,neo*im*haemophilus b conjugate
694,cet
695,creon 12
696,syringe (intraventricular)
697,dival
698,metipranolol
699,potassium chl 40 meq / 1000 ml d5w
700,anusol ointment 1%
701,conjugated estrogens
702,"bottle, glass"
703,sulfameth/tri
704,temodar
705,hydrocor
706,hydroxychloroquine
707,asparaginase (erwinia chrysan)
708,normocarb dialysis soln
709,pristiq
710,viibryd
711,moexipril
712,urecholine
713,altace
714,phenytoin (suspension)
715,benazepril hcl
716,doxacurium chloride
717,potassium 
718,cilo
719,levemir
720,norethindrone (contraceptive)
721,dutasteride (avodart )
722,viok
723,viokas
724,alteplase 1mg/5ml ( clearance ie. indwelling port )
725,<ind> drotrecogin alfa study drug
726,fulvestrant
727,fluconazole (self med)
728,fexofe
729,comtan
730,sulfamethoxazole-trimethoprim
731,prograf
732,asa
733,neo*im*haemophilus b  conj vac
734,epipen
735,clindamycin suspension
736,immodium
737,nif
738,carbidopa-levodopa
739,rabies vaccine
740,desmopressin nasal
741,multivitamin iv (without vit. k)
742,calcium replacement (oncology)
743,mesalamine 
744,gammagard liquid
745,flora-q
746,tromethamine
747,methadone
748,urea-c40
749,methylen
750,heparin (preserv. free)
751,doripenem *nf*
752,levo
753,heparin flush midline (100 units/ml)
754,tetanus immune globulin
755,cortis
756,hepatitis b immune globulin (nabi-hb)
757,mupirocin
758,atgam
759,anagrelide
760,xopenex (levalbuterol)
761,tolcapone
762,bactrim ss
763,istalol
764,aspirin 325 mg or placebo
765,vesicare
766,moviprep
767,byetta (exenatide)
768,celebrex
769,*nf* gelclair
770,prosom 
771,levetiracetam solution
772,testosterone cypionate
773,neo*po* leucovorin (10mg/ml-10ml )
774,amphetamine-dextroamphetamine
775,tacrolimus (prograf brand) suspension
776,penicillin g potassium
777,mann
778,ns syringe (intrapleural)
779,tilarginine or placebo *ind*
780,lidocaine jel
781,*nf* estraderm
782,pacerone
783,prednisol
784,fidaxomicin 200mg tab
785,zirgan
786,trastuzumab
787,selegiline hcl
788,apidra
789,docusa
790,ovcon-35
791,tisseel/fs vh sd
792,calcium acetate/al sulfate
793,neo*po*poly-vi-solution
794,hepatitis b vaccine
795,acetylcystein
796,atorvastatin study drug
797,diflunisal
798,zanamivir
799,mebendazole
800,pamidronate
801,albumin 5% (
802,gabapentin (liquid)
803,m
804,levothy
805,meperi
806,donnatol
807,propofol (diprivan)
808,orabase w/ benzocaine paste
809,vaseline lip therapy
810,sodium chloride (hypertonic)
811,polyethylene glycol 3350
812,calcium 600 + d(3)
813,pregabalin oral solution
814,olanzapine (disintergrating tablet)
815,nystatin-triamcinolone
816,morphine 
817,mesalamine enema
818,calc
819,posaconazole suspension
820,ethosuximide
821,lunesta
822,geodon
823,albute
824,nephramine 2.7%
825,mannitol 20 %
826,acetaminophe
827,hydroxyzine hcl
828,naproxen
829,preservision areds
830,biscolax
831,prismasate (k 2)
832,caduet 5-80
833,botox
834,collagenase
835,zebeta
836,irinotecan
837,thermacare neck/shoulder/arm
838,bude0.25
839,pancreaze
840,diltiaz
841,papaverine hcl
842,morphine sulfate (immediate release)
843,xopenex hfa
844,oxycodone liquid
845,rabeprazole
846,clofarabine or placebo (*ind*)
847,avodart  0.5mg
848,aspirin 81 mg  or placebo
849,*nf* fenofibrate
850,vicodin 
851,melatonin
852,miacalcin
853,zovia 1/35e (28)
854,*nf* ertapenem sodium
855,medroxyprogesterone acetate
856,bisacody
857,intralipid 20%
858,sodium chloride 3% (hypertonic)
859,salsalate
860,atropine sulfate 1% ophth ointment
861,muro-128
862,bosentan
863,methenamine mandelate
864,lorazepam 2mg syringe
865,estradiol transdermal (vivelle-dot)
866,lithium carbonate sr
867,enfuvirtide
868,pulmicort
869,chlorpropamide
870,zestoretic
871,crestor
872,epi
873,*nf* amoxapine
874,vancomycin for nasal inhalation
875,bis
876,maxide 75/50
877,maxair autohaler
878,miconazole 
879,cortrosyn
880,char
881,buprenorphine
882,gentamicin ophth oint 0.3%
883,symbicort 160-4.5mcg
884, 
885,lactate based cvvh solution
886,vitamin a
887,insulin aspart *nf* (for insulin pump)
888,kaol
889,progesterone
890,nabumetone
891,orange oil
892,*nf* ofloxacin 0.3% ophth soln
893,neo*po*gentian violet 0.25 %
894,doxycycline hyclate (bulk)
895,atropine sulfate 1%
896,citalopram 
897,multaq (dronedarone)
898,docusate sodium-casanthranol
899,pegasys
900,neo*po*furosemide (10mg/1ml)
901,mbl-hcv1 study med (*ind*)
902,imodium a-d
903,nasonex
904,lidoderm patches 5%
905,aspirin desensitization
906,maxair
907,mycophenolate
908,ritonavir study med
909,sodium acetate
910,cyclosporine (neoral) modified
911,microgestin 1/20 (21)
912,albuterol inhaler (proair)
913,influenza virus vaccine *latex free*
914,amlodipine-benazepril
915,*nf* adefovir (hepsera)
916,potassium chl 20 meq / 1000 ml d5lr
917,h
918,neo*iv*furosemide
919,erythromycin ethylsuccinate
920,pyridostigmine bromide
921,thioridazine
922,mult5l
923,flovent
924,peg-intron
925,neo*iv*hydrocortisone (10mg/ml)
926,hyos
927,amphotericin b oral suspension
928,neo*ivchlorothiazide
929,docus
930,*nf* lidocaine patch 5%
931,ortho tri-cyclen (28)
932,isos
933,neomycin_polymyxin_bacitracin
934,aspir
935,granulex
936,morphine sulfate (syringe)
937,rufinamide
938,neo*iv*erythromycin
939,epinephrine-sodium chloride
940,nephro
941,repliva 21/7 (new formulation)
942,ipratropium bromide hfa
943,kaolin/pectin
944,hydrocortisone acetate ointment 1%
945,300 mcg vial
946,morphine sulfa
947,loestrin 24 fe
948,rituximab desensitization
949,amino acids 5%-dextrose 15%
950,vincristine
951,hydrocortisone cream 2.5%
952,propra
953,epin
954,neo*iv*caffeine citrate
955,carbamazep
956,eucerin
957,lidocaine-prilocaine
958,sulfamet
959,fluocinonide 0.05% ointment
960,reopro
961,disopyramide cr
962,dexamethason
963,lyrica
964,felbamate
965,neo*iv*chlorothiazide
966,esomeprazole
967,23.4% sodium chloride
968,coenzyme q10
969,alora
970,phosphorus
971,neo*iv*cefazolin
972,neo*sc*polio vaccine (inactive)
973,belatacept study drug (*ind*)
974,nitroglycerin sr
975,doxorubicin
976,lactic acid 12% lotion
977,0.9% sodium chloride p.f. (syringe)
978,dibucaine
979,silver sulfadiazine
980,propoxyphene
981,basiliximab
982,patanol
983,pramosone
984,sulfameth/trim
985,mexiletine hcl
986,ketamine study drug (*ind*)
987,pneumococcal 23-val p-sac vac
988,montelukast
989,lexapro
990,interferon alfacon-1
991,carbamazepine chewable tabs
992,abiraterone (zytiga)
993,provigil
994,artif
995,interferon alfa 2a (infergen)
996,acet
997,guaifenesin ac
998,gelclair
999,promit
1000,interferon alfa 2a
1001,*nf* sunitinib
1002,potassium
1003,anu
1004,iodosorb
1005,sensipar
1006,varicella virus
1007,aricept
1008,clorazepate dipotassium
1009,metronidazole topical 1 % gel
1010,pulmozyme
1011,tears naturale pm
1012,fty720 1.25mg or placebo capsule
1013,bupivacaine 0.25%-epinephrine
1014,aprepitant
1015,muromonab-cd3
1016,"lidocaine 1%/epinephrine 1:100,000"
1017,refresh liquigel
1018,halobetasol propionate
1019,gentamicin sulfate
1020,0.83% sodium chloride
1021,aveeno bath
1022,gamunex/gammaked
1023,foltx
1024,lamictal
1025,lidocai
1026,penicillamine
1027,domperidone 
1028,eplerenone (inspra)
1029,deferoxamine mesylate
1030,zaditor (ketotifen fumarate)
1031,testosterone 
1032,zemuron
1033,systane
1034,pregabalin
1035,venlafa
1036,ursodiol
1037,fosphenytoin
1038,bimatoprost (lumigan)
1039,nivea skin
1040,tarceva(erlotinib)
1041,inamrinone lactate
1042,darifenacin
1043,requip xl
1044,didanosine chewable tab
1045,d5w w/ 0.1% albumin
1046,elmiron
1047,fleet 
1048,dapsone
1049,atrovent nasal
1050,neo*po*hydrocortisone sod succinate
1051,mepivacaine 1%
1052,alcohol 10%
1053,anagrelide hcl
1054,methylphenidate sr 
1055,heparin (hemodialysis)
1056,thiamine study drug (*ind*)
1057,revlimid
1058,dilti
1059,sulfameth/trimeth ss (self med)
1060,artifi
1061,oxacillin desensitization
1062,megestrol
1063,bupivacaine 0.50%
1064,nafcillin desensitization
1065,mycophenolate mofetil 250mg or placebo caps 
1066,testosterone 4 mg patch
1067,sumatriptan succinate
1068,anakinra
1069,tetrabenazine (xenazine) 25mg tab
1070,gentamicin 0.3% ophth. ointment
1071,d5w 0.1% albumin
1072,glatiramer
1073,methylphenidate hcl
1074,carbidopa-levodopa cr (25-100)
1075,sodium chloride 
1076,neomycin sulfate
1077,nyst
1078,betoptic s
1079,theophylline (time release)
1080,caspofungin *nf*
1081,evoxac
1082,nac
1083,pyridostigmine 
1084,gaviscon extra strength
1085,protopic
1086,motilium
1087,tykerb
1088,ethanol 70% catheter dwell
1089,palivizumab
1090,orphenadrine citrate
1091,sutent (sunitinib)
1092,lepirudin
1093,iso
1094,ce
1095,bacitracin 
1096,albumin 25% 
1097,vioxx
1098,methylnaltrexone
1099,acetaminophen w/codeine elixir
1100,pulmicort respules
1101,budesonide (pulmicort)
1102,~ <ind> defibrotide
1103,zinc
1104,icaps mv
1105,alavert
1106,ampicillin desensitization
1107,tretinoin (atra-all transretinoic acid)
1108,neo*po*vitamin e drops
1109,acetami
1110,nicotine lozenge
1111,neo*iv*clindamycin
1112,buprenorphine-naloxone (8mg-2mg)
1113,homatropine hbr
1114,mechlorethamine hcl
1115,megestrol 
1116,ketamine
1117,potassium chl 20 meq / 1000 ml d5 1/2 ns
1118,nicardipine hcl iv
1119,pentamidine 
1120,fluticasone-salmeterol diskus (250/50) 
1121,bupivacaine 0.5%
1122,alka-seltzer
1123,unip
1124,nystatin-triamcinolone ointment
1125,tria
1126,ephedrine sulfate (pressors)
1127,menomune
1128,esomeprazole magnesium
1129,rhinocort
1130,nia
1131,atacand hct
1132,morphine sulfate (1-5mg)
1133,indinavir sulfate
1134,sulfameth/trime
1135,demeclocycline
1136,aprotinin
1137,lidocaine 1% p
1138,pentoxifylline
1139,guaifenesin dm table
1140,lodosyn
1141,cholestyramine
1142,domperidone (bulk)
1143,milk thistle extract
1144,lithium citrate (syrup)
1145,calcipotriene 0.005% cream
1146,omeprazole-sodium bicarbonate
1147,evista
1148,pulmicort flexhaler
1149,orap
1150,glutamine
1151,phenylephrine hcl 1%
1152,cytomegalovirus immune glob
1153,pralidoxime chloride
1154,hepatitis b immun globulin (hepagam b)
1155,cefuroxime
1156,tobramycin sulfate
1157,liotrix-1
1158,milrinone lactate
1159,neoral capules
1160,halcion
1161,isosorbide
1162,iopanoic acid
1163,chloroquine
1164,ribavirin *nf*
1165,dextrose 2.5% in water (d2.5w)
1166,aspi
1167,sodium citrate
1168,liothyronine sodium
1169,tolazamide
1170,lidoca
1171,raltegravir 400mg tablet
1172,valganci
1173,anamorelin hcl
1174,tiotropium bromide
1175,clomipramine hcl
1176,guaifene
1177,glucophage xr
1178,d5w (excel)
1179,sulfameth/trimethoprim suspension
1180,zomig
1181,neo*po*acetazolamide (10mg/1ml)
1182,trimethobenzamide hcl
1183,calcium
1184,procainamide sr
1185,quinidine gluconate e.r.
1186,olan
1187,lamictal xr
1188,mannitol 20%
1189,dantrolene sodium
1190,gentamicin 0.3% ophth. soln
1191,dextromethorphan poly complex
1192,lidoderm
1193,menthol
1194,ethacrynate sodium
1195,sodi
1196,pentasa
1197,methenamine hippurate
1198,dextromethorphan-guaifenesin 
1199,heparin lock flush
1200,morphine sulfate (concentrated oral soln)
1201,oxytocin
1202,acetaminophen 
1203,glyset
1204,candesartan cilexetil
1205,leuprolide acetate
1206,morphine pca
1207,fluc60l
1208,metronidazole desensitization
1209,vitamin b-1
1210,dilantin (phenytoin sodium er)
1211,zz 
1212,ocuflox
1213,*nf* temozolomide
1214,glargine
1215,povidone iodine 1/4 strength
1216,aygestin
1217,neo*aquaphor
1218,phospha 250 neutral
1219,*nf* rocuronium
1220,syringe (neonatal) *d5w*
1221,olanza
1222,morphine sulfate (pf)
1223,doxycycline monohydrate
1224,verapa
1225,singulair
1226,unasyn
1227,glipiz
1228,isosorbi
1229,aminocaproic
1230,lacrilube
1231,phillips milk of magnesia
1232,docu
1233,diovan hct
1234,tretinoin 0.05% cream
1235,lutein
1236,methylprednisolone sod succ 
1237,*nf* timentin
1238,mivacurium chloride
1239,neo*po*folic acid
1240,d25w
1241,miconazole
1242,dexam
1243,tetanus toxoid adsorbed
1244,metformin (fortamet)
1245,nifedi
1246,hyoscyamine 
1247,"meningococcal vac a,c,y,w-135"
1248,gent
1249,kaopectate/benadryl/lido visc.
1250,neo*iv*oxacillin
1251,refresh p.m.
1252,risperidone long acting injection
1253,beconase
1254,cosopt
1255,imipenem-cilastatin
1256,betaxolol hcl
1257,maalox/benadryl/lidocaine
1258,neo*iv*fentanyl
1259,neo*im*dt  & acellular pertussis
1260,atovaquone suspension
1261,procardia xl
1262,ciprofloxacin in d5w
1263,*nf*
1264,phen
1265,megestrol oral suspension
1266,amphotericin b
1267,gemcitabine
1268,opium tincture
1269,vancomycin 
1270,rescula
1271,imatinib 
1272,ondanse
1273,*nf* diltiazem sr
1274,pred
1275,bismuth subsalicylate
1276,nexium 40mg capsules
1277,etoposide
1278,avodart
1279,becaplermin gel 0.01%
1280,niacin sr
1281,dabigatran etexilate
1282,valganciclovir 
1283,pradaxa
1284,flonas
1285,lexipro
1286,all purpose nipple ointment
1287,*nf* basiliximab
1288,acyclovir sodium
1289,mesalamine (rectal)
1290,fondaparinux
1291,avonex
1292,proventil
1293,epinephrine base
1294,meningococcal vaccine
1295,albumin 5% (12.5g)
1296,erythromycin base
1297,erlotinib
1298,trandolapril
1299,moxifloxacin hcl
1300,chlorpheniramine-hydrocodone
1301,acebutolol
1302,gentamic
1303,ritonavir/lopinavir
1304,flovent hfa
1305,flarex
1306,pseudoephedrine
1307,propranolol oral solution
1308,miconazol
1309,hcrf
1310,amino acids 4.25%-dextrose 5%
1311,neomycin-polymyxin-hc (otic)
1312,oseltam
1313,pyridostigmine bromide syrup
1314,*nf* pramipexole
1315,neo*po*ranitidine
1316,miacal
1317,calcium 
1318,anti-thymocyte globulin (rabbit) desensitization
1319,fentanyl pca
1320,yasmin 28
1321,benicar
1322,ascorbate sodium
1323,pentamidine isethionate
1324,fluocinolone acetonide 0.01% cream
1325,risperidone (disintegrating tablet)
1326,alternagel
1327,gua
1328,astepro
1329,valganciclovir oral solution
1330,solution
1331,insulin nph human recomb
1332,carbidopa
1333,aspirin 81 mg or placebo
1334,papain-urea ointment
1335,progesterone micronized
1336,de
1337,mesna
1338,travoprost
1339,heparin flush cvl  (100 units/ml) 
1340,neo*po*bicitra
1341,abacavir oral solution
1342,thalidomide
1343,pyridoxine
1344,taztia xt
1345,letrozole
1346,*nf* renacidin soln
1347,sulfameth/trimeth
1348,calcium citrate
1349,lipid emulsion 20%
1350,n-acetylcysteine study drug
1351,rev
1352,albendazole
1353,secretin
1354,lanoxicaps
1355,*nf* nicardipine hcl iv
1356,diclofenac sodium dr
1357,efavirenz oral soln
1358,fleet
1359,exemestane
1360,lidocaine 4% mpf
1361,vexol (rimexolone)
1362,acidophilus
1363,bisopro
1364,econazole
1365,potassium citrate
1366,celecoxib
1367,influenza a (h1n1) vac 09 (pf)
1368,*nf* digoxin (lanoxicaps)
1369,hydrocortisone na succinate
1370,midodrine
1371,phenobarbital-belladonna alk
1372,neo*po*midazolam
1373,liposyn ii  20%
1374,budesonide 
1375,thera
1376,cisplatin
1377,dipivefrin hcl 0.1% 
1378,dutasteride
1379,hepar
1380,ocuvite
1381,zolmitriptan
1382,aggrastat
1383,famoti
1384,*nffloxin
1385,neo*iv*metronidazole
1386,folbic
1387,amoxapine
1388,*nf* iron sucrose
1389,flucytosine
1390,white petrolatum-mineral oil
1391,capsaicin 0.025%
1392,albumin
1393,efudex
1394,treprostinil sodium
1395,acetylcysteine (iv)
1396,aromasin
1397,factor ix complex
1398,pramoxine hcl
1399,ketamine 
1400,vincristine sulfate
1401,sodiu
1402,hctz/triamterene (maxzide)
1403,bupivacaine
1404,actimmune
1405,bactri
1406,temazepam
1407,carafate
1408,minocycline
1409,hepari
1410,triamcinolone acetonide
1411,xenazine
1412,darunavir 600mg tablet
1413,thiothixene
1414,simvastatin or placebo
1415,triazolam
1416,econ
1417,neo*pr*acetaminophen
1418,ethiodol
1419,micardis hct
1420,nefazodone hcl
1421,syringe (neonatal) *d7.5w*
1422,micardis
1423,fluocinonide 0.05% cream
1424,risperidone oral solution
1425,neo*po*lorazepam oral concentrate
1426,norflex
1427,cimetidine
1428,ferrous sulfate (liquid)
1429,revatio
1430,sodium chloride 0.9 % or no intervention
1431,mupirocin 2% cream
1432,tavist
1433,latuda
1434,valproic
1435,yellow cadd cassette
1436,simvastatin or placebo 
1437,glucosamine-chondroitin
1438,neo*iv*ceftazidime
1439,megestrol oral soln
1440,imodium a-d *nf*
1441,syringe (neonatal) *d10w*
1442,raloxifene
1443,adderall xr
1444,balsalazide disodium
1445,potassium chl 20 meq / 1000 ml ns
1446,ns (excel)
1447,potassium chloride oral sol
1448,gamunex
1449,degarelix
1450,cipro
1451,pimecrolimus
1452,aliskiren
1453,cortisone
1454,balsalazide
1455, zaditor ophthalmic
1456,renagel
1457,clonidine patch 0.2 mg/24 hr
1458,*nf* budesonide
1459,ocuvite lutein
1460,bisopr
1461,artificial saliva
1462,amoxicillin-clavulanate susp
1463,nac (n-acetyl-l-cysteine
1464,genteal
1465,quinidine gluconate
1466,valproate
1467,fluphenazine decanoate
1468,fenofibrate nanocrystallized
1469,phenylephrine 2.5 % ophth soln
1470,cidofovir
1471,hyaluronidase
1472,*nf* micafungin
1473,tylenol w/codeine elixir
1474,dextran  1 (promit)
1475,potassium ch
1476,dasatanib (sprycel) **chemo**
1477,clofarabine
1478,clonidine 
1479,moxifloxacin
1480,aspirin desensitization (aerd)
1481,loraze
1482,papain-urea
1483,aspercreme 
1484,bupivacain
1485,dexlansoprazole (dexilant)
1486,cosyntropin 
1487,paliperidone er
1488,doxycycline hyclate (periostat)
1489,*nf* cefotaxime
1490,bleph-10 ophth. soln.
1491,aciphex
1492,propylthiouracil
1493,lidocaine 1% (w/presv.)
1494,tenecteplase study med (*ind*)
1495,d15w
1496,ritonavir 100mg capsule
1497,bosentan (tracleer)
1498,docusate sodi
1499,valgancicl
1500,alteplase
1501,adderall
1502,itraconazole
1503,lidocaine 1% (buffered)
1504,dulera (mometasone-formoterol)
1505,tarceva
1506,neo-synephrine
1507,betaxolol ophth susp  0.25%
1508,bismuth subsalicylate chewable
1509,naloxo
1510,ditropan xl
1511,viokase 16
1512,heparin flush hickman (100 units/ml)
1513,labet
1514,systane ultra
1515,val
1516,lipram 4500
1517,d51/2ns 1000ml
1518,gentamicin 0.1% cream
1519,clonidine patch 0.1 mg/24 hr
1520,xopenex neb
1521,ipratropium bromide 
1522,syringe (0.9% sodium chloride)
1523,insulin regular human
1524,nadolol
1525,clofarabine  *ind*
1526,phyto
1527,amiodarone oral suspension
1528,atomoxetine
1529,neo*iv*phenobarbital
1530,sildenafil
1531,lactulose enema
1532,docetaxel
1533,azelastine hcl
1534,gentamicin sulfate ophth.
1535,*nf* beclomethasone dipro 80 mcg inh
1536,sodium bicarbonate 4.2% (2.4meq)
1537,rocuro
1538,mitoxantrone hcl
1539,sorafenib
1540,phenytoin sodium (iv)
1541,epinephrine auto injector
1542,dexamethasone ophthalmic soln 0.1%
1543,sotalol hcl
1544,*nf* imatinib mesylate
1545,kaopectate (bismuth subsalicy)
1546,dexame
1547,acetam
1548,ear wax removal drops
1549,amoxicill
1550,diazoxide
1551,ipratropium 
1552,lans
1553,timolol maleate 0.5% gfs
1554,vivelle
1555,papin
1556,*nf* irbesartan
1557,dopamine hcl
1558,albumin 25%
1559,dacarbazine
1560,insul
1561,valdecoxib/placebo
1562,pota
1563,sodium chlor
1564,*nf* rofecoxib
1565,dakins full strength
1566,tisseel vs. fs vh sd
1567,prilosec otc
1568,probenecid
1569,epinephrine kit
1570,artificial tear
1571,lescol xl
1572,tacroli
1573,sevelamer carbonate (renvela)
1574,sevelame
1575,lidocaine 0.5%
1576,streptomycin sulfate
1577,doc
1578,fosamprenavir calcium
1579,arthrotec 50
1580,bupivacaine 
1581,methylprednisolone acetate
1582,thyroid extract sr
1583,rilutek
1584,tabletscandesartan cilexetil
1585,oxybutynin
1586,blistex lip ointment
1587,isotretinoin
1588,emla
1589,bismuth subsalicy
1590,cyanide antidote
1591,heparin (porcine) in ns (pf)
1592,clotrimazole
1593,carteolol 1% ophth soln
1594,dornase alfa *nf*
1595,aranesp
1596,tolvaptan/placebo
1597,cystospaz
1598,charcoal-sorbitol
1599,risendronate (actonel)
1600,beclomethasone dipro. (oral)
1601,normocarb dialysis solution
1602,olux-e
1603,fosinopril
1604,megestro
1605,med name problem
1606,calcium carbonate suspension
1607,silver nitrate
1608,sulfameth/t
1609,levobunolol hcl 0.5%
1610,ifosfamide
1611,hydromorphone solution
1612,gluco sulfate nacl-chond su na
1613,lidocaine viscous
1614,mult
1615,sinemet
1616,ertapenem
1617,syringe (ns)
1618,multivitam
1619,guaifen
1620,syringe (pd)
1621,blue-green algae (spirulina)
1622,mycophenolate mofetil 250mg or placebo capsule
1623,westcort
1624,neulasta
1625,triamterene-hydrochlorothiazide
1626,crinone
1627,aspirin 325mg or placebo
1628,tylenol  meltaways
1629,amlactin
1630,pulmicort neb
1631,*nf* dornase alfa inh. soln.
1632,ther
1633,epogen
1634,250 ml bottle
1635,peppermi
1636,lactinex
1637,tasmar
1638,icpkit
1639,clotrimazole 1% vaginal crm
1640,aspirin-caffeine-butalbital
1641,imiquimod
1642,metamucil
1643,mesala
1644,eryth
1645,rimantadine
1646,tylenol pm extra strength
1647,insulin pump (self administering medication)
1648,valp
1649,vimpat
1650,*nf
1651,sunol-ch36 study drug (*ind*)
1652,carbachol
1653,vytorin 10-40
1654,lactaid fast act
1655,activated charcoal-sorbitol
1656,neo*po*potassium phosphate
1657,ex-lax maximum strength
1658,estradiol transdermal patch
1659,phenytoin sodium extended
1660,valganciclovir hcl
1661,nicardipine hcl
1662,isosorbide mononitra
1663,acetaminop
1664,travatan
1665,vitamin c
1666,valpro
1667,tacrolimus 
1668,cytarabine
1669,dexamethasone intensol
1670,busulfan
1671,saccharomyces boulardii
1672,testosterone propionate
1673,yodoxin
1674,colestid
1675,carisoprodol
1676,l-hyoscyamine sl
1677,idarubicin hcl
1678,*nf* nitroglycerin ointment
1679,pancrelipase 5000
1680,arginine (l-arginine)
1681,cryselle (28)
1682,dexamethasone oral soln (0.1mg/1ml)
1683,lorazepam 2mg syringa
1684,xalatan
1685,magnesium sulfate replacement (critical care and oncology)
1686,neo*po*acetazolamide (20mg/1ml)
1687,chlorpromazine
1688,betimol ( timolol )
1689,sodium chloride (23.4%) kit
1690,guaif
1691,atazanavir
1692,imatinib
1693,estradiol/norethindr( activella)
1694,neo*desitin creamy
1695,diazoxide 
1696,ethacrynic acid
1697,acetic acid 0.125% irrig. soln
1698,dexametha
1699,phenylephrine 2.5% opth
1700,octagam
1701,metformin hcl
1702,neo*iv*ampicillin sodium
1703,anastrozole
1704,accolate
1705,betamethasone dipro 0.05% oint
1706,fluocinolone 0.01% cream
1707,albumin 5% (2.5gm)
1708,sevelamer carbonate
1709,zyprexa zydis
1710,famc
1711,nicotinic acid sr
1712,botulinum toxin type b
1713,dornase alfa
1714,*nf* esomeprazole
1715,clomipramine
1716,b-50
1717,haloperidol decanoate
1718,dorzolamide 2%
1719,humalog kwikpen
1720,rivastigmine
1721,kao
1722,tylenol arthritis pain
1723,codeine-guaifenesin
1724,vancomycin enema
1725,insulin aspart *nf*
1726,vinblastine sulfate
1727,ve
1728,iron dextran
1729,panc
1730,ziprasidone hydrochloride
1731,ranexa
1732,cartia xt
1733,zirgan(ganciclovir)
1734,carbamazepine er
1735,ergotamine-caffeine
1736,timolo
1737,sargramostim
1738,albut
1739,gengraf
1740,tyzeka (telbivudine)
1741,seroquel xr
1742,emtricitabine-tenofovir
1743,penicillin g k desensitization
1744,phenytoin infatab
1745,syringe (neonatal)
1746,bactroban
1747,lindane lotion
1748,oselt
1749,dexamethasone sod phosphate
1750,isosorbide mononitr
1751,bactr
1752,lofibra
1753,saquinavir (invirase) cap
1754,hepsera
1755,bimatoprost  (lumigan)
1756,econazole 1% cream
1757,nevanac
1758,ziprasidone hcl
1759,enbrel
1760,nicot
1761,digoxin elixir
1762,bupivacaine 0.25%
1763,bacitracin-polymyxin ointment
1764,docetaxel (taxotere)
1765,quinidine sulfate
1766,bisacodyl (rectal)
1767,insulin humalog 75/25 pen
1768,triamcinolone acetonide(inhal)
1769,trisodium citrate 4% replacement soln
1770,folgard
1771,metronidazole 0.75%
1772,granisetron hcl
1773,ibutilide fumarate
1774,lumigan
1775,0.45 % sodium chloride
1776,ezogabine
1777,daptomycin
1778,zetia
1779,ranitidine 
1780,omnaris (ciclesonide)
1781,combigan
1782,morphine concentrate
1783,indapamide
1784,avelox
1785,codeine
1786,*nf* cefoxitin sodium
1787,pyrimethamine
1788,dexamethas
1789,botulinum toxin type a
1790,hyoscyami
1791,syringe (sterile water)
1792,cetirizine
1793,razadyne
1794,chlorothiazide sodium
1795,azmacort
1796,norvir
1797,tr
1798,hydrocortisone acetate suppository
1799,prevacid
1800,savella
1801,neomycin/polymyxin/dexameth ophth susp.
1802,dilantin infatabs
1803,loratadine
1804,fluorometholone 0.1% ophth susp.
1805,lotemax*nf*
1806,piperacillin sodium
1807,lidocaine 0.5%/epinephrine
1808,proplex t
1809,isoproterenol
1810,mct oil
1811,inderal la
1812,capoten
1813,os-cal 500 + d
1814,urocit-k 5
1815,ceftriaxone sodium
1816,scot-tussin expectorant
1817,mu
1818,propof
1819,asacol
1820,mannitol
1821,lactul
1822,decitabine
1823,forteo
1824,aspirin 81 mg /placebo
1825,cilostaz
1826,terazosin
1827,fat emulsion 20%
1828,calcium gluco
1829,meperidine (pf)
1830,btl
1831,dexamethaso
1832,nysta
1833,revatio (sildenafil)
1834,sonata
1835,*nf* interferon alfacon-1
1836,ciprofloxacin iv
1837,pindolol
1838,perphenazine
1839,*nf* abatacept
1840,debrox 6.5%
1841,carbamazepine suspension
1842,syringe (neonatal)  *d12.5w*
1843,gentamicin sulf. ophth. soln
1844,cil
1845,betaxolol hcl  0.25%
1846,co-syntropin
1847,haloperidol  
1848,tuck
1849,ascorbic acid (liquid)
1850,tylenol-codeine #3
1851,dextran 40 10% in ns
1852,pilocarpine 0.5%
1853,sulfasalazine_
1854,potass
1855,calcium lactate
1856,catapres
1857,sodium chloride 0.45% flush
1858,oseltamivir
1859,fluticasone-salmeterol diskus (100/50)
1860,regular insulin
1861,midrin
1862,viracept
1863,d5 1/4ns
1864,soriatane ck
1865,emtricitabine oral solution
1866,neo*im*palivizumab
1867,*nf* glimepiride
1868,risperdal
1869,*nf* alemtuzumab
1870,rocaltrol
1871,mevacor
1872,divalproex sodium er
1873,benazepril
1874,lysodren
1875,neupro
1876,albuter
1877,phyton
1878,tmc114 600mg po bid
1879,haemo
1880,bromday
1881,junel 1/20 (21)
1882,skelaxin
1883,benzocaine 20% spray
1884,morphine sulfate (0.5-4mg)
1885,concerta 18mg
1886,*nf* niacin
1887,neo*iv*metoclopramide
1888,hydrocortisone (rectal) 2.5% cream
1889,urso forte
1890,avodart *nf*
1891,telavancin *nf*
1892,multivitamins 
1893,sodium citrate/citric acid
1894,aldara
1895,chlorothiazide
1896,emend
1897,aveeno colloidal
1898,daclizumab
1899,sincalide
1900,nimodipine
1901,prevac
1902,preparation h maximum strength
1903,trisodium citrate 0.4% replacement soln
1904,nuvaring
1905,viokase
1906,avodart( dutasteride)
1907,sulfameth/trimethoprim 
1908,acetaminophen (rectal)
1909,dicyclomine
1910,propafenone hcl
1911,cromolyn
1912,d5lr
1913,flecainide acetate
1914,zytiga (abiraterone) 250mg
1915,mycophenolate mofetil suspension
1916,ferrous
1917,albumi
1918,neoral* study medication*
1919,raltegravir
1920,procainamide
1921,exjade
1922,levobunolol 0.25%
1923,betimol
1924,apri 0.15mg-0.03mg tab
1925,lamivudine-zidovudine
1926,humalog insulin
1927,choline magnesium trisalicylate
1928,foradil
1929,nystatin oral susp.
1930,rozerem
1931,adcirca
1932,azacitidine (subcut)
1933,ivermectin
1934,neo*po*mct oil
1935,beractant
1936,risedronate sodium
1937,bisop
1938,morphine sulfate (2-4mg)
1939,carbamide peroxide
1940,midodrine hcl
1941,insulin dum
1942,duloxetine
1943,guai
1944,humulin n
1945,dextrose 20 %
1946,mycophenolate 
1947,carnitor
1948,saquinavir (fortovase)
1949,calcium citrate + vit d
1950,*nf*esomeprazole 
1951,filgrastim
1952,triamterene
1953,*nf* salmeterol-fluticasone
1954,benzoyl peroxide gel 10%
1955,candesartan
1956,tmc125 200mg/placebo po bid per tibotec 
1957,zymar
1958,trimethoprim oral soln
1959,cortosyn
1960,ampicillin
1961,tuckables pad
1962,rythmol sr
1963,vera
1964,oxaliplatin desensitization
1965,monopril
1966,epoprostenol
1967,theophylline 
1968,valpr
1969,tipranavir
1970,methylene 
1971,guanfacine
1972,glyco
1973,darvocet-n 100
1974,ranitidine (liquid)
1975,erythro
1976,droperidol
1977,water
1978,nitroprusside
1979,chloral hydrate (syrup)
1980,betamethasone dipro 0.05% augmented gel
1981,nisoldipine (sular)
1982,acetylcys
1983,*nf* levocarnitine
1984,predn
1985,combivent
1986,nutra
1987,dipentum
1988,tamoxifen citrate
1989,adefovir dipivoxil
1990,vexol
1991,methylene
1992,morphine su
1993,mirapex er(pramipexole)
1994,parecoxib/placebo study med
1995,sod citrate-citric acid
1996,tolvaptan / placebo
1997,neo*iv*hydrocortisone
1998,neo*po*fluconazole
1999,ethezyme
2000,travoprost (benzalkonium)
2001,methylergonovine maleate
2002,tobramycin-dexamethasone ophth susp
2003,triamcinolone acetonide 0.1% ointment
2004,neo*iv*levothyroxine
2005,papain
2006,synth
2007,normocarb
2008,cephalexin 
2009,mycostatin
2010,sulfameth
2011,isoproterenol hcl
2012,hydrocortisone oint 1%
2013,*nf* domperidon
2014,vytorin 10-20
2015,enablex
2016,aleve
2017,azilect(rasagilne)
2018,maribavir 100 mg or placebo tab
2019,ureacin-20
2020,cefotetan disodium
2021,terbinafine
2022,procainamide hcl
2023,rofecoxib
2024,excedrin extra strength
2025,zantac maximum strength
2026,propofol (*generic*)
2027,levsin
2028,loraz
2029,magnesium sulfate (latex free)
2030,glycerin (ped)
2031,cefuroxime sodium
2032,cisatracurium
2033,fosfomycin tromethamine
2034,aspirin desens
2035,orthopedic solution
2036,warf
2037,selenium sulfide
2038,kaolin-pectin/benadryl/lido visc.
2039,tracleer
2040,cardura
2041,neo*po*ferrous sulfate elixer
2042,digitek
2043,torsemide 
2044,hepa
2045,parcopa
2046,tolvaptan
2047,chloroprocaine 2%
2048,fenofibric acid
2049,glucagon emergency
2050,meperidine pca
2051,dexameth
2052,calcitonin salmon nasal
2053,abilify
2054,nizatidine
2055,trimethobenzamide
2056,imipramine
2057,etanercept
2058,ery
2059,sevelamer hydrochloride
2060,neo*iv*amphotericin b
2061,dexrazoxane
2062,ropivacaine 0.2%
2063,folic 
2064,robit
2065,glimepiride
2066,hydrocortiso
2067,ropinirole hydrochloride
2068,zomig 2.5mg odt tabs
2069,galantamine
2070,uloric
2071,metronidazole cream 1%
2072,code epa/dha 26 study med
2073,oxycodone 
2074,neo*nasal*sodium chloride 0.9%
2075,vitamin b-6
2076,dexamethasone 
2077,carbidopa-levodopa (10-100)
2078,valacyclovir
2079,nafcillin sodium
2080,iron dextran (test dose)
2081,anti-thymocyte globulin (rabbit)
2082,estraderm
2083,divalproex sod. sprinkles
2084,estradiol
2085,tacrolimus (self med)
2086,peramivir
2087,fluconazole desensitization
2088,clobetasol propionate 0.05% gel
2089,opium deodorized tinc.
2090,indomethacin xr
2091,epsom salt
2092,piperacillin
2093,ofloxacin (ophth)
2094,saliva substitution combo no.5
2095,potassium chl 40 meq / 1000 ml d5 1/2 ns
2096,hydrocodone-acetaminophen (5mg-500mg)
2097,nitrofurantoin monohyd (macrobid)
2098,terazosin hcl
2099,glyburide/metformin (2.5mg-500mg)
2100,amantadine syrup
2101,bact
2102,depak
2103,nateglinide
2104,*nf* miralax
2105,centrum
2106,epinephri
2107,mucinex dm
2108,anusol-hc
2109,"meningococ vac a,c,y,w135 (pf)"
2110,cefpodo
2111,codeine phosphate
2112,selenious acid
2113,lubiprostone
2114,foradil aerolizer
2115,lipram-cr5
2116,oxaliplatin
2117,heparin flush 
2118,tretinoin 
2119,*nf* fenoldopam mesylate
2120,terconazole 80mg vag. supp
2121,isosorbide m
2122,depakote
2123,cyclosporine
2124,*nf* rocuronium bromide
2125,isosorbide mononitrate 
2126,nicardipine
2127,elidel
2128,multivitamin liquid
2129,gaviscon
2130,gentamicin intraventricular
2131,lipram-pn16
2132,fenofibrate
2133,cortisporin
2134,pramoxine-menthol-petrolatum
2135,imd
2136,vancomycin antibiotic lock
2137,fluocin
2138,neo*po*hydralazine
2139,fuzeon
2140,diovan/hydrochlorthiazide
2141,balsa
2142,ayr saline gel
2143,pilocarpine hcl
2144,carbamide peroxide 6.5%
2145,alteplase recombinant
2146,celexa
2147,nicotrol
2148,serevent diskus
2149,cyclopentolate-phenylephrine
2150,streptokinase
2151,fluticasone/salmeterol (advair)
2152,*nf* pregabalin
2153,phos
2154,vicodin
2155,meningo
2156,basis
2157,albumin 5
2158,ola
2159,neo*iv*piperacillin-tazobactam
2160,*nf* lidocaine 5% patch
2161,*nf* valsartan
2162,amphotericin b lipo. (ambisome)
2163,azelastine
2164,derma-smoothe/fs scalp oil
2165,morphine sul
2166,daunorubicin hcl
2167,varicella zoster immune glob
2168,syringe (intraperitoneal)
2169,librax
2170,0.9% sodium chloride (excel bag)
2171,ranitidine hcl
2172,florastor
2173,viokase 8
2174,tetanus
2175,dil
2176,dexa
2177,doxercalciferol
2178,clonidine tts
2179,meloxicam
2180,per
2181,pemoline
2182,betamethasone sodium phos/acet
2183,sulfacetamide 10% ophth. oint.
2184,risperidone (disintergrating tablet)
2185,tri
2186,pangestyme ec
2187,papain-urea spray
2188,analgesic balm
2189,triazol
2190,pimozide
2191,tekturna
2192,modafinil
2193,prednisolone oral solution
2194,atrovent hfa
2195,dofetilide
2196,qvar
2197,glycolax
2198,multaq
2199,difluprednate
2200,magnesium
2201,diphenhydramine (benadryl) cream
2202,fluocinolone 0.01% solution
2203,potassium chl 20 meq / 1000 ml d5ns
2204,arti
2205,polyvinyl alcohol-povidone
2206,vancomycin ophthalmic solution
2207,povidone iodine
2208,"lidocaine 1%/epi  1::100,000"
2209,relpax
2210,trisodium citrate 4% replacement fluid (dialysis)
2211,terbinafine 1% cream
2212,ticlopidine hcl
2213,prismasol  (b32 k0)
2214,casodex
2215,calan sr
2216,symbicort
2217,pyrimethamine desensitization
2218,lidoc
2219,femhrt 
2220,cetirizine-pseudoephedrine
2221,biafine emulsion
2222,ketoconazole shampoo
2223,*nf* levetiracetam
2224,lactobacillus acidophilus
2225,levocar
2226,bromocriptine mesylate
2227,tyvaso 1.74mg/2.9 ml
2228,avonex administration pack
2229,gengraf (cyclosporine modified)
2230,*nf* ceftaroline
2231,viagra
2232,*nf* benzoyl peroxide 5% wash
2233,exelon
2234,*nf* butorphanol tart. nasal
2235,"lidocaine 1%/epi 1::100,000"
2236,tylenol meltaways
2237,fluticasone-salmeterol diskus (500/50) 
2238,adder
2239,transplant self medication program
2240,ziprasidone
2241,mechlorethamine
2242,magnesium 
2243,humalog mix 75-25
2244,flumazenil
2245,escitalopram
2246,fluocinolone 0.025% cream
2247,citrate
2248,neo*po*propranolol
2249,phenelzine sulfate
2250,olopatadine
2251,neutr
2252,salivart
2253,multivi
2254,uniphyl
2255,meningococcal conj vaccine (menomune)
2256,phenyleprhine ophth soln 10%
2257,proplex
2258,cefuroxime axetil
2259,loper
2260,hyosc
2261,junel fe 1/20 (28)
2262,novomix 30
2263,l-hyoscyamine
2264,vitamin k1
2265,apraclonidine 0.5%
2266,clobetasol propionate 0.05% ointment
2267,isosorbide er
2268,lidocaine 0.5% mpf
2269,medrol (pak)
2270,citric acid/sodium citrate
2271,aptivus
2272,methyl salicylate-menthol ointment
2273,nicoti
2274,piroxicam
2275,diprosone
2276,vitamin e
2277,psyllium wafer
2278,cepacol
2279,biaxin
2280,< ind> zoniporide study drug
2281,remeron soltab
2282,nystatin (topical)
2283,minoxidil
2284,uroxatral
2285,*nf* enfuvirtide
2286,triamcinolone acetonide 0.025% ointment
2287,cocaine hcl
2288,ns (intrathecal bag)
2289,hyzaar(losartan/hctz)
2290,neo*iv*vancomycin
2291,acthar h.p.
2292,taclonex
2293,xylocaine
2294,testosterone 2.5mg patch
2295,soma
2296,heparin (preservative free)
2297,ethanol 70% catheter dwell (tunneled access line)
2298,micon
2299,nitazoxanide
2300,sulfacetamide-prednisolone ophth. susp.
2301,ethambutol hcl
2302,neomycin-polymyxin-hc otic susp
2303,lescol
2304,cidofovir 0.25% oral soln
2305,leuprolide acetate (3 month)
2306,castor oil
2307,dilantin
2308,neo*iv*hydrocortisone (1mg/ml)
2309,ganciclovir
2310,cromolyn sodium (nasal inhalation)
2311,clobetasol propionate 0.05% soln
2312,dorzolamide 2%/timolol 0.5% ophth.
2313,zonisamide
2314,neo*iv*penicillin g potassium
2315,urocit-k 10
2316,vytorin 10/20
2317,critic-aid clear af
2318,tylenol arthritis
2319,zemplar
2320,unithroid
2321,nap
2322,indomethacin sodium
2323,racepinephrine
2324,sarna
2325,levosimendan or placebo
2326,felbatol
2327,*nf*  loteprednol 0.2% ophth
2328,maalox/lidocaine
2329,simvastatin or placebo (*ind*)
2330,guaifenesin er
2331,morphine sulfate for inhalation
2332,acidophilus-b.bifidum-b.longum
2333,fosinopril sodium
2334,albuterol inhalation soln 0.5%
2335,hepatitis b immu glob (hepagam b)
2336,neo*iv*tobramycin sulfate
2337,atacand
2338,unifiber
2339,sorbitol
2340,femara
2341,synt
2342,propecia
2343,romiplostim
2344,praziquantel
2345,peppermint 
2346,carbidopa-levodopa (25-100)
2347,letairis (ambrisentan)
2348,calcium chloride oral soln
2349,symbicort 160-4.5
2350,enema disposable
2351,culturelle
2352,lithium carbonate
2353,multiv
2354,welchol
2355,preservision
2356,dakins
2357,pentamidine inhalation
2358,metronidazole oral suspension
2359,metyrapone
2360,detrol la
2361,prismasate (ca 3.5)
2362,galantamine hydrobromide
2363,bacitracin-polymyxin 
2364,dolasetron mesylate i.v.
2365,indigotindisulfonate sodium
2366,tegaserod hydrogen maleate
2367,melphalan hcl
2368,mitomycin
2369,methylphenidate
2370,fty720 2.5mg or placebo capsule
2371,neo*po*ferrous sulfate elixir
2372,aranesp (polysorbate)
2373,kaletra
2374,anusol-hc suppository
2375,edrophonium chloride
2376,prednisolone acetate 0.12% ophth. susp.
2377,chloramphenicol na succ
2378,neo*iv*indomethacin sodium
2379,*nf* imatinib
2380,thioridazine hcl
2381,ipratropium brom
2382,levalbuterol neb
2383,maa
2384,muro 128
2385,isordil
2386,clopidogrel desensitization
2387,*nf* levalbuterol soln
2388,fentanyl 
2389,levoth
2390,sodium bic
2391,glyburide/metformin (1.25mg-250mg)
2392,cyclobenzaprine
2393,quetiapine extended-release
2394,dila
2395,betaseron
2396,zovirax
2397,valganciclovi
2398,methazolamide
2399,liposomal cytarabine (depocyt)
2400,vigamox
2401,sotalol
2402,menthol-cetylpyridinium cl
2403,prozac
2404,phenobarbital sodium
2405,alprostadil
2406,maprotiline hcl
2407,neo*po*omeprazole
2408,prednisolone
2409,hydrocortisone sod succinate
2410,*nf* sumatriptan
2411,valganciclovir (self med)
2412,axert(almotriptan)
2413,methadone (dispersible tablet)
2414,rhinocort nasal inhaler
2415,chantix
2416,oxycodone (immediate release)
2417,sodium bi
2418,dhea
2419,ultralente humulin insulin
2420,vitamin
2421,mycophenolate mofetil 250mg or placebo caps
2422,guaife
2423,emtricitabine-tenofovir (truvada)
2424,amnesteem
2425,niacin flush free
2426,rasburicase
2427,dilan
2428,olmesartan/hydrochlorothiazide
2429,theophylline
2430,unoprostone isopropyl
2431,neo*sc*epoetin alfa
2432,scopolamine base
2433,vyvanse
2434,combipatch
2435,phenylephrine 1% nasal spray
2436,restasis
2437,fulvestrant (faslodex)
2438,triaz
2439,amikacin
2440,epoprostenol na
2441,hydroxyurea
2442,terbinafine 1% spray
2443,tenecteplase
2444,parenteral nutrition (tpn)
2445,morphine sulfate 
2446,miconazole nitrate 2% vaginal cream
2447,epidural bag
2448,fioricet
2449,dimenhydrinate
2450,amylase-lipase-protease
2451,fty720 1.25mg or placebo caps
2452,magnesium sulfate (ob)
2453,latuda (lurasidone)
2454,bupropio
2455,cgt003-03 e2f decoy
2456,sodium ch
2457,neomycin-polymyxin-bacitracin ophth. oint
2458,bendamustine
2459,gentamicin 
2460,neo*po*captopril
2461,lorazepam 2 mg syringe
2462,nevirapine suspension
2463,liothyronine
2464,potassium bicarbonate eff
2465,basis soap
2466,paclitaxel
2467,remifentanil
2468,alternagel-benadryl-lidocaine visc.
2469,hydromorphone infusion ? comfort care guidelines
2470,neo*iv*insulin (dilute)
2471,tropicamide 1 %
2472,neo*iv*ceftriaxone
2473,foscarnet
2474,aminocaproi
2475,tmc 125 100mg or placebo tabs
2476,acyclovir ointment 5%
2477,plasmanate
2478,azor
2479,irbesartan
2480,cephalexin suspension
2481,colistin
2482,cefotetan
2483,critic-aid
2484,dilantin extended
2485,tetracaine hcl
2486,naratriptan
2487,nitroglycerin 
2488,alcohol dehydrated
2489,pyridostigmine
2490,estrogens conjugated
2491,amicar solution 
2492,betamethasone
2493,loxapine succinate
2494,phenobarbital elixir
2495,verelan pm
2496,epzicom
2497,neo*iv*dexamethasone
2498,artificial
2499,tretinoin suspension
2500,doxil
2501,2
2502,bengay
2503,sodium
2504,proventil hfa
2505,zonalon
2506,eye wash
2507,hydromorphone 
2508,mometasone
2509,rabies immune globulin
2510,campral
2511,thiotepa
2512,1/4 ns
2513,poly
2514,iressa
2515,fenofibrate micronized
2516,enalaprilat
2517,multivit
2518,wellbutrin xl
2519,glycerin 50%
2520,sitagliptin-metformin
2521,porfimer sodium
2522,concerta (methylphenidate)
2523,hexavitamin
2524,aquaphor ointment
2525,hep b-dpat-polio vaccine
2526,sterile diluent for flolan
2527,zonegran
2528,methotrexate sodium p.f.
2529,darbepoetin alfa in polysorbate
2530,epineph
2531,ns epidural bag 
2532,*nf* deferasirox
2533,"preservision (lutein, vit c, vit e, zinc, copper)"
2534,viread
2535,morphine sulfate (1-10mg)
2536,megace oral
2537,*nf brinzolamide (azopt)
2538,levonorgestrel
2539,isosorbide dinitrate er
2540,neo*po*nystatin suspension
2541,oxymetazoline
2542,ethyl chloride
2543,allegra-d 24 hour
2544,~<ind> ketamine/placebo study drug
2545,hydrocerin
2546, cabergoline     ( dostinex)
2547,calcitri
2548,boniva
2549,dovonex
2550,magnesium oxide-mg aa chelate
2551,rifabutin
2552,delavirdine mesylate
2553,sulfasalazine dr
2554,didanosine
2555,theophylline sr (theo-dur)
2556,desmopressi
2557,desogestrel-ethinyl estradiol
2558,*nf* phenytoin sodium **brand name only**
2559,repaglinide
2560,cilostazol
2561,lithium carbonate sr (lithobid)
2562,locholest light
2563,coenzyme q10  200mg
2564,defibrotide (ind)
2565,morphine sulfate pf
2566,prochlorperazine maleate
2567,phenyto
2568,dtap-hepb-ipv combined
2569,nystatin oral susp (self med)
2570,neo*iv*gentamicin
2571,ganciclovir 500 mgor placebo  cap
2572,caphosol
2573,*nf* allopurinol sodium
2574,stalevo 100
2575,fluocinolone acetonide oil
2576,reyataz
2577,code ats99 study med
2578,sodium bicar
2579,albu
2580,dilantin 
2581,collagenase ointment
2582,desmoteplase or placebo
2583,dig
2584,vancomycin intraventricular
2585,tretinoin
2586,feraheme
2587,phenytoi
2588,mesalamine dr
2589,ceftazidime desensitization
2590,antihemophilic factor
2591,cortroyson
2592,kaolin
2593,budesonide-formoterol
2594,code lut/zea03 study med
2595,methocarbamol
2596,desmopressin 
2597,bimatoprost
2598,cromol
2599,proparacaine hcl 0.5% opth.
2600,tb syringe
2601,riluzole
2602,qualaquin
2603,roxanol
2604,oxandrolone
2605,tegretol xr
2606,beconase aq nasal spray
2607,docusate sod
2608,prednisolone (prelone)
2609,arsenic trioxide *nf*
2610,rifampin
2611,lansopr
2612,digoxin elixer
2613,glyburide prestab
2614,terconazole 0.4% vag. cream
2615,tolnaftate 1% cream
2616,heparin (crrt machine priming)
2617,urelle
2618,donepezil
2619,oseltamivir phosphate
2620,ino-1001 study drug  *ind*
2621,ear drops earwax aid
2622,tranylcypromine sulfate
2623,sotalol af
2624,hydroxyzine
2625,citalopram
2626,tenofovir disoproxil (viread)
2627,lanso
2628,letrozole(femara)
2629,valproi
2630,cidofovir 1% topical paste
2631,pramoxine
2632,zyrtec
2633,albuterol 0.5%
2634,axitinib
2635,chloral hydrate
2636,fluoxymesterone
2637,ddavp
2638,meropenem desensitization
2639,gemtuzumab ozogamicin
2640,isosorbide mono
2641,morphine s
2642,syringe (pca)
2643,clobetasol propionate
2644,morphine sulfat
2645,zafirlukast
2646,wellbutrin sr
2647,fleet glycerin suppository
2648,hyoscyamine
2649,orabase dental paste
2650,acetylc
2651,ketoconazole 2% 
2652,sodium b
2653,nuvaring(etonogestrel/ethinyl estradiol
2654,moxifloxacin 
2655,famvir
2656,mesalamine
2657,plan b
2658,peppermint oil
2659,anusol suppository
2660,neo*iv*parenteral nutrition
2661,tucks pads
2662,temsirolimus
2663,amoxicillin-clavulanic acid
2664,infliximab
2665,psyllium
2666,diltia
2667,nystatin cream
2668,abacavir
2669,lumigan 0.01%
2670,amphetamine salt combo
2671,docusate s
2672,milk thistle
2673,balanced salt opth. soln
2674,acetylcystei
2675,aspirin (rectal)
2676,dermagran ointment
2677,naphazoline-pheniramine ophth. solution
2678,phenoxybenzamine hcl
2679,colistimethate sodium
2680,maxalt-mlt
2681,isosorbide din
2682,nascobal
2683,quinine sulfate
2684,doxycy
2685,urocit-k 5 (potassium citrate)
2686,amp
2687,mycophenolate mofetil hcl
2688,acular ls
2689,levalbuterol (xopenex)
2690,sitagliptin
2691,chloraseptic throat spray
2692,doxorubicin hcl liposomal
2693,actonel
2694,revia
2695,testosterone 2.5
2696,rifaximin
2697,humulin-r insulin (u-500)
2698,vinorelbine
2699,formoterol fumarate
2700,mesalamine desensitization
2701,neo*po*ursodiol
2702,aminoc
2703,profilnine sd
2704,aloe vesta 2-n-1 skin cond
2705,risedronate
2706,daily vitamin
2707,micafungin
2708,potassium chl 20 meq / 1000 ml d5w
2709,neo*po*cephalexin suspension
2710,aspirin 325mg/ placebo
2711,buprenorphine hcl
2712,neo*po*calcium carbonate suspension
2713,d17.5w
2714,methylph
2715,olmesartan
2716,klonopin
2717,dakins 1/4 strength
2718,*nf* beclomethasone dipropionate inhalation
2719,digo
2720,glucotrol xl
2721,methylphenidate sr
2722,strattera
2723,coenzyme q10 study drug
2724,trace minerals cr-cu-mn-se-zn
2725,*nf* entacapone
2726,propantheline bromide
2727,febuxostat
2728,ribavirin
2729,syringe (intrapleural)
2730,famotidine (po)
2731,aspirin 81 mg/ placebo
2732,niac
2733,avandia
2734,ocuvite preservision
2735,d7.5w
2736,pancuronium bromide (nicu)
2737,daunorubicin
2738,zidovudine
2739,levocarnitine
2740,mucin
2741,mexiletine
2742,ampyra
2743,isosorbide mononi
2744,tucks
2745,effexor xr
2746,danazol
2747,desvenlafaxine
2748,amantadine
2749,faslodex
2750,slow fe
2751,avodart *nf* (dutasteride)
2752,insulin human nph
2753,tretinoin (emollient) 0.04%
2754,azathioprine sodium
2755,"lidocaine 2%/epi 1:100,000"
2756,flutamide
2757,femhrt 1/5
2758,xenaderm
2759,sterile water for irrigation
2760,tobramycin 0.3% ophth soln
2761,triethanolamine solution
2762,darunavir
2763,lithium carbonate cr (eskalith)
2764,ofloxacin
2765,estratest h.s.
2766,dronedarone
2767,zegerid otc
2768,alfuzosin
2769,*nf* zaleplon
2770,scopolamine hbr
2771,furosemide (elixir)
2772,propo
2773,mycophenolate mofetil (self med)
2774,etidronate disodium
2775,"albumin, human"
2776,polymyxin b sulfate
2777,neomycin-polymyxin-
2778,rhinocort aqua
2779,teriparatide
2780,neo*iv*fat emulsion
2781,neo*iv*cefotaxime
2782,claravis
2783,hydroxychloroquine sulfate
2784,vinblastine (velban)
2785,belladonna & opium (16.2/30mg)
2786,oxymorphone
2787,propofol diprivan
2788,patient specific narc drip
2789,acular
2790,sanctura
2791,timop
2792,aspirin 81 mg or placebo 
2793,prednisolone acetate
2794,hectorol
2795,*nf* iopanoic acid
2796,trihexyphenidyl hcl
2797,polymyxin b /trimethoprim
2798,clindamycin hcl
2799,azacitidine
2800,acetaminophen (childrens)
2801,quinacrine (bulk)
2802,junel 1.5/30 (21)
2803,insulin lispro (human)
2804,vi-daylin multivitamin drops
2805,glyburide/metformin (5mg-500mg)
2806,neo*iv*zidovudine
2807,hydrocortisone study drug (*ind*)
2808,dextr
2809,polysporin
2810,digoxin immune fab
2811,cortroysn 
2812,neo*po*potassium chloride
2813,propoxyphene hcl
2814,imodium
2815,metaxalone
2816,nystatin oral
2817,erythromycin lactobionate
2818,zofran po
2819,flunisolide inhaler
2820,acetaminophen iv
2821,neomycin/polymyxin b sulfate
2822,creon 10
2823,acarbose
2824,lopinavir-ritonavir (oral soln)
2825,nature-throid
2826,advair hfa
2827,hyoscy
2828,*nf* pegaspargase
2829,nystat
2830,aminocapr
2831,nelarabine (nf)
2832,prozac brand name
2833,candida albicans
2834,sarafem
2835,sevela
2836,vicks vapor inhaler
2837,humibid l.a.
2838,clobetisol propionate ointment 
2839,symlin
2840,hydrocortisone acetate 10%  foam
2841,hydroxypropyl methylcellulose
2842,revatio (sildenafil citrate)
2843,traz
2844,dulera (mometasone-formoterol) 200-5mcg/actuation
2845,mega
2846,tobramycin fortified ophth. soln.
2847,cgt003-03 e2f decoy 
2848,concerta 
2849,b complex vitamins
2850,oxymetazoline (half strength)
2851,neo*po*sodium chloride
2852,potassium chloride 
2853,tacrolimus study med (*ind*)
2854,alum ammonium
2855,metronidazole gel 0.75%-vaginal
2856,lac-hydrin
2857,tolt
2858,multivita
2859,choline
2860,insulin levemir
2861,cotrosyn
2862,tropicamide 0.5% ophth soln
2863,penicillin g benzathine
2864,clozapine
2865,naltrexone hcl
2866,albumin 
2867,carmustine
2868,methotrexate
2869,dext
2870,methyldopa
2871,renaphro
2872,tobramycin inhalation soln
2873,fluvastatin
2874,requip
2875,lindane shampoo
2876,sulfacetamide-prednisolone ophth. oint.
2877,dygase
2878,*nf* levalbuterol neb
2879,rituximab
2880,pilocarpine
2881,*ind* pexelizumab/placebo
2882,caspofungin acetate
2883,lidocaine jelly 
2884,aminophylline
2885,normocarb dialysate
2886,erythromycin opthalmic
2887,cocaine 4% soln
2888,metformin xr (glucophage xr)
2889,intralipid 10%
2890,keto
2891,heparin flush (1000 units/ml)
2892,nefazodon
2893,diphenhydramine hcl 2%
2894,homat
2895,send 500mg vial
2896,albuterol mdi
2897,*nf* arginine hcl
2898,glucosamine chondroitin maxstr
2899,povidone iodine 1/8 strength
2900,amprenavir
2901,syringe (neonatal) *ns*
2902,levetiracetam oral solution
2903,cadd cassette
2904,divalpro
2905,neo*po*vitamin e tpgs 26.7 unit/ml
2906,polyvinyl alcohol
2907,pulmicort turbuhaler
2908,syringe (lr)
2909,1
2910,methylpre
2911,diovan
2912,*nf* lanolin (hydrous)
2913,promethazine
2914,beclomethasone dipro. (nasal)
2915,erythromycin topical solution
2916,aluminum
2917,gammagard s/d
2918,neo*im*dt & acellular pertussis
2919,reva
2920,ear wax drops
2921,surgicel
2922,pfns (syringe)
2923,carbamazepine (extended-release)
2924,ritonavir
2925,scopolamine 0.25% ophth soln
2926,theophylline er (uniphyl)
2927,benicar hct
2928,pediatric vitamins adc
2929,prismasate (b22 k4)
2930,neo*po*acetaminophen drops
2931,amoxicillin-clavulanate desensitization
2932,cefazolin ophthalmic solution
2933,lorazepam 2 mg syringe 
2934,lactobacillus acidophilus-pectin
2935,bystolic
2936,vytorin 10-80
2937,hydroxypropyl meth. 2.5% ophth
2938,nicardipine iv
2939,pancrelipase 4500
2940,silibinin (*ind*)
2941,zaroxolyn
2942,solifenacin
2943,ketoconazole
2944,menthol (icy hot patch)
2945,docusate sodiu
2946,morphine (pf)
2947,gemcitabine hcl
2948,neo*po*metoclopramide
2949,acd-a for crrt
2950,prometrium
2951,glucose tab
2952,flonase
2953,potassium chl 40 meq / 1000 ml d5ns
2954,*nf* sildenafil citrate
2955,wellbutrin
2956,carbatrol
2957,sudafed
2958,syringe (sw)
2959,triple paste
2960,truvada
2961,carboplatin
2962,epine
2963,risendronate sodium (actonel)
2964,zomig 2.5mg -zmt tabs
2965,phenytoin chewtabs
2966,divalproex (delayed release)
2967,ciprofloxacin ophth soln
2968,prednisone (self med)
2969,dexamet
2970,nys
2971,calciu
2972,asp
2973,zarontin
2974,rizatriptan
2975,mometasone furoate (nasonex)
2976,chromium picolinate
2977,*nf* paroxetine cr
2978,metoprolol 
2979,methylprednisolone
2980,anusol
2981,insulin ultralente
2982,prempro
2983,afrin
2984,lidocaine 
2985,true omega -3 fish oil 409mg cap
2986,magnesium sulfate replacement (oncology)
2987,asparaginase
2988,pancrease
2989,chlorthalidone
2990,morphine sulfate (4-8mg)
2991,bactrim desensitization
2992,albuterol sulfate (extended release)
2993,sodium chloride 3% inhalation soln
2994,dextrose
2995,loperamide oral solution
2996,privigen
2997,beclomethasone 
2998,prevacid 24hr
2999,isosorbide dinitrate sa
3000,necon 1/35 (28)
3001,potas
3002,aranesp 300 mcg
3003,potassium chloride replacement (oncology)
3004,namenda
3005,clonidine patch 0.3 mg/24 hr
3006,alrex
3007,mupirocin calcium
3008,clindamycin solution
3009,ns epidural bag (0.9% nacl)
3010,polyethylene glycol 400 (bulk)
3011,pilocarpine 6%
3012,5% dextrose (non deph)
3013,bupr
3014,epinephrine inhalation
3015,cyclosporine 
3016,risedronate (actonel)
3017,cellcept
3018,rasagiline
3019,prandin
3020,sodium fluoride 1.1% (dental gel)
3021,amoxicillin-clavulanate susp.
3022,terbutaline sulfate
3023,agrylin
3024,multivitamin-12
3025,mylanta
3026,esmolol in saline (iso-osm)
3027,cevimeline
3028,aerobid
3029,lotrel
3030,aspirin desensitization (angioedema)
3031,hyo
3032,helidac
3033,hydrocodone-acetaminophen (5mg-500mg
3034,mege
3035,oxycodone concentrate
3036,phenyt
3037,nitrofurantoin
3038,lacri-lube
3039,mineral oil
3040,parecoxib/placebo
3041,mirapex er
3042,aspirin 
3043,phenylephrine  0.05% nasal spray
3044,6 syringes (ns)
3045,betamethasone acet & sod phos
3046,trifluridine 1% ophth soln.
3047,niacin 
3048,heparin lock
3049,neutra
3050,vancomycin intrathecal
3051,aminocaproic 
3052,*nf* estradiol transdermal patch
3053,triamcinolone acetonide inj
3054,glucoph
3055,tobram
3056,panto
3057,neo*po*carbamazepine 20mg/ml
3058,venlafaxi
3059,amicar
3060,brinzolamide
3061,deferoxamine (dfo) *ind*
3062,pyrid
3063,locholest light (cholestyramine)
3064,lotronex
3065,plasmalyte
3066,albumin 25% (12.5 g)
3067,ns  w/  0.1% albumin
3068,oxandrin
3069,razadyne er
3070,disopyramide phosphate
3071,disulfiram
3072,diphenoxylate hcl/atrop sulf
3073,sulfa
3074,simvastin or placebo
3075,potassiu
3076,letairis 5mg
3077,neo*iv*digoxin
3078,questran
3079,zytiga
3080,imipenem-cilastatin *nf*
3081,isoniazid
3082,thera tears
3083,cipro hc
3084,saliva substitute
3085,travasol 4.25% w/ dextrose 5%
3086,foscarnet sodium
3087,drotrecogin alfa (xigris)
3088,phenazopyridine
3089,ethanol 70% catheter lock
3090,erlotinib (tarceva)
3091,dilt
3092,heparin flush (5000 units/ml)
3093,sprycel
3094,physostigmine salicylate
3095,convatek
3096,lumigan *nf*
3097,activated
3098,tobramycin
3099,acetic acid
3100,flunisolide
3101,albuterol sulfate/ipratropium
3102,trientine hcl
3103,pioglitazone
3104,topiramate (topamax)
3105,zithromax z-pak
3106,lunesta (eszopiclone)
3107,nifer
3108,imipramine hcl
3109,antihemophilic factor (recombinant)
3110,micro-k
3111,sulfacetamide 10% ophth soln.
3112,verapamil
3113,fidaxomicin
3114,vancomycin ophthalmic 50mg/ml
3115,viokase-8
3116,byetta
3117,fludarabine phosphate
3118,sulfameth/trimet
3119,cinryze (c1 estrase inhibitor)
3120,doxazosin
3121,paromomycin sulfate
3122,kcl
3123,sulfameth/trimethopri
3124,neo*iv*acyclovir
3125,avandamet
3126,betamethasone valerate 0.1% ointment
3127,acetic acid otic
3128,amiod
3129,humulin
3130,bacitracin/polymyxin b sulfate opht. oint
3131,predni
3132,potassium chl
3133,insulin regular human (u-500)
3134,folplex 2.2
3135,mvi
3136,tizanidine
3137,astelin
3138,*nf* pediatric vitamins adc
3139,durezol 0.05% drops
3140,lanolin (hydrous)
3141,creatine monohydrate
3142,mycophenolate sodium
3143,nystatin powder
3144,lactaid
3145,cyproheptadine hcl
3146,ibup
3147,epinephrine topical soln
3148,neo*iv*epoetin alfa
3149,gastroview (diatrizoate meglumine & sodium)
3150,brimonidine tartrate 0.15% ophth.
3151,amikacin inhalation
3152,lantus solostar
3153,myfortic
3154,baclofen intrathecal
3155,hydromorphone (rectal)
3156,zaditor (ketotifen)
3157,ambien cr
3158,valproic acid
3159,cetacaine
3160,amylase/lipase/protease
3161,aralast
3162,leucovorin calcium
3163,tretinoin 0.025% cream
3164,hydrocortisone val. cream 0.2%
3165,camila
3166,bortezomib
3167,amiloride hcl
3168,heparin  flush
3169,vemurafenib (ro5185426)
3170,metoprolo
3171,lithium carbonate cr
3172,pilopine hs
3173,bupivacaine 0.50%-epinephrine
3174,pramipexole dihydrochloride
3175,oxycodone hcl
3176,*nf* nafcillin sodium
3177,emtriva
3178,bottle
3179,readi-cat 2 (barium sulfate 2% suspension)
3180,zyflo cr
3181,dasatinib
3182,phenobarbital
3183,octreotide 
3184,bicalutamide
3185,levalbuterol tartrate
3186,entecavir
3187,stanozolol (bulk)
3188,chlordiazepoxide hcl
3189,levothyroxine
3190,heparin sodium (preservative free)
3191,propranolol hcl
3192,gu
3193,norepinephrine bitartrate
3194,pentamidine-inhalation
3195,ny
3196,dakins 1/2 strength
3197,akwa tears
3198,micronefrin
3199,levobunolol hcl 0.25%
3200,ticagrelor
3201,triampt
3202,hemabate
3203,lidoderm patches
3204,corzide
3205,aztreonam
3206,clindamycin 1% solution
3207,isordil titradose
3208,bupivacaine 0.2%
3209,bleomycin
3210,tobramycin-dexamethasone ophth oint
3211,lialda
3212,*nf* pentostatin
3213,lidoderm patches 3.5%
3214,lidocaine 1% p.f.
3215,methotrexate sodium
3216,hydromorphone p.f.
3217,propranolol la
3218,betamethasone dipro 0.05% lot.
3219,belladonna-opium
3220,tetanus-diphtheria toxoids-td
3221,sulfamethoxazole/trimethoprim
3222,simvastatin 40 mg or placebo
3223,tranexamic acid
3224,zanamivir (*ind*)
3225,triamcinolone 0.1% ointment
3226,lotensin
3227,tobramycin fortified ophth. 15mg/ml
3228,riboflavin
3229,factor 9 complex
3230,tacr
3231,tolterodine
3232,*nf* cyclosporine
3233,carbidopa-levodopa (25-250)
3234,cyclosporine modified (eon labs)
3235,idarubicin
3236,ketamine (for intubation)
3237,syringe (neonatal) *sw*
3238,acetic acid 0.25% irrig. soln
3239,felodipine
3240,oxytrol
3241,ns epidural bag
3242,volumen (barium sulfate 0.1% suspension)
3243,guaifenesin la
3244,valganc
3245,torsemide
3246,paricalcitol
3247,albumin 5% 
3248,indomethacin
3249,pilocarpine 4%
3250,inteferon beta 1a (rebif)
3251,humibid e
3252,tmc114 300mg tablet
3253,daunorubicin citrate liposomal
3254,nasacort
3255,triamcinolone diacetate
3256,colestipol
3257,lithium 
3258,cyproheptadine
3259,prop
3260,alum-mag hydroxide-simethicone
3261,timolol maleate 0.5% xe
3262,zelnorm (tegaserod)
3263,o.s. cal 500 w/vitamin d
3264,pancrease mt 16
3265,carbidop
3266,demeclocycline hcl
3267,fluocinolone acetonide 0.01% solution
3268,genta
3269,ortho tri-cyclen lo
3270,albumin 5% (2.5 g)
3271,caffeine-sodium benzoate
3272,syringe (chemo)
3273,levalbuterol hcl (bulk)
3274,lidocaine 2%/epinephrine
3275,brinzolamide (azopt)
3276,dorzolamide
3277,lidocaine 2% p.f.
3278,cortef
3279,vagifem
3280,cortroysin
3281,carbamazepine 
3282,cetuximab
3283,methadone pca
3284,molindone hcl
3285,cyclopentolate 1%
3286,posaconazole
3287,acetic acid 0.04% soln
3288,amoxicillin oral susp.
3289,morphine sulfate ir
3290,alb
3291,hydrocortisone/iodoquinol
3292,venlafaxine 
3293,silver nitrate applicator
3294,neo*po*azithromycin
3295,amoxicillin trihydrate
3296,clobazam
3297,augmentin suspension
3298,novolin r
3299,influenza virus
3300,*nf* urea
3301,fosphenytoin sodium
3302,*nf* argatroban
3303,neo*po*levothyroxine suspension
3304,theo liquid
3305,potassium iodide
3306,cortisporin otic susp
3307,norethindrone-estradiol
3308,hydrocortisone enema
3309,creon 20
3310,aldesleukin
3311,valproic acid (depakene brand)
3312,olanzapi
3313,dexamethasone
3314,defibrotide <ind>
3315,glucop
3316,benzoyl peroxide
3317,advicor
3318,short chain fatty acid enema
3319,pemetrexed
3320,aminocap
3321,lacosamide *nf*
3322,orabase-b
3323,erythromycin ethylsuccinate suspension
3324,fluocinolone acetonide 0.025% cream
3325,intralipid/liposyn iii (glass)
3326,potassium acetate
3327,pyrazinamide
3328,*nf* bicalutamide
3329,avapro
3330,sulfasalazine ec
3331,tol
3332,cefadroxil
3333,valgancic
3334,liniments
3335,calcipotriene 0.005% oint
3336,critic-aid skin paste
3337,cytra-2
3338,*nf* famciclovir
3339,neo*po*ca glubionate 23mg ca/ml
3340,docusat
3341,lidocaine 1% 
3342,*nf* erlotinib
3343,tetanus-diphtheria tox (decavac)
3344,adefovir
3345,valganciclovir
3346,ziprasidone mesylate
3347,prazosin hcl
3348,paromomycin
3349,salmon oil-1000
3350,kayexalate
3351,januvia
3352,ketamin
3353,valtrex
3354,trizivir
3355,fluticasone
3356,morphine sulfate sr
3357,hydrocortisone oint 2.5%
3358,simulect
3359,sutent
3360,bevacizumab
3361,proprano
3362,premarin
3363,blue cadd cassette
3364,tacro
3365,glycerin supps
3366,valganciclov
3367,benazepril-hydrochlorothiazide
3368,xeloda
3369,maxalt
3370,fluoc
3371,*nf* triazolam
3372,bupivacaine 0.05%
3373,endur-acin
3374,paclitaxel (taxol)
3375,dexilant
3376,povidone iodine 1/2 strength
3377,ergocalciferol
3378,zytiga (abiraterone) 
3379,apri
3380,norethindrone acetate
3381,spiriva with handihaler
3382,melphalan
3383,megest
3384,janumet
3385,lidocaine 1% pf
3386,hydrocortisone oint 0.5%
3387,junel fe 1.5/30 (28)
3388,chlorambucil
3389,lotemax
3390,santyl
3391,thiopental sodium
3392,alemtuzumab
3393,phenytoin 
3394,epinephrine 
3395,insulin - sliding scale
3396,5 syringes (ns)
3397,allopurinol sodium
3398,magnesium sulfate 
